TP,FP,FN,Precision,Recall,F1
335,61,155,0.8459595959595959,0.6836734693877551,0.7562076749435664
