TP,FP,FN,Precision,Recall,F1
358,86,152,0.8063063063063063,0.7019607843137254,0.750524109014675
