TP,FP,FN,Precision,Recall,F1
342,62,149,0.8465346534653465,0.6965376782077393,0.7642458100558658
